nameseq,k1,k2,k3,k4,k5,k6,k7,k8,k9,k10,k11,k12,k13,k14,k15,k16,k17,k18,k19,k20,k21,k22,k23,k24,label
lcl|Atrichopoda_evm_27.model.AmTr_v1.0_scaffold00035.22,0.6385276689981009,0.7441376726533501,0.7636029061393449,0.7675316814612203,0.7684677149846298,0.7687038746475018,0.7687475802856333,0.7687593824239518,0.7687573040707403,0.7687552094500186,0.7687530983784755,0.7687509706700989,0.7687488261361265,0.7687466645849961,0.7687444858222929,0.7687422896506991,0.768740075869938,0.7687378442767205,0.768735594664689,0.7687333268243594,0.7687310405430632,0.7687287356048873,0.7687264117906129,0.7687240688776527,1
lcl|Atrichopoda_evm_27.model.AmTr_v1.0_scaffold00198.4,0.5814211295689931,0.7191476685382799,0.7534358976238881,0.7626547617828472,0.7662241640352672,0.7675406953553804,0.7680468295297942,0.7683310509202488,0.768468699603998,0.7685325232581401,0.768572408775621,0.7686067037758731,0.7686288645157866,0.7686514511946775,0.7686549608203802,0.7686585605880952,0.768655630233266,0.7686526732230781,0.7686496892082658,0.7686466778335767,0.768643638737644,0.7686405715528573,0.7686374759052277,0.7686343514142522,1
lcl|Atrichopoda_evm_27.model.AmTr_v1.0_scaffold00147.60,0.6382288196645706,0.7428402207434638,0.7629976754433733,0.7670371197033059,0.7680293343317735,0.7682710103962228,0.768371706993637,0.7684001441319408,0.768406089701155,0.7684122372991152,0.7684185925520772,0.7684251612592432,0.7684197864130428,0.7684143477952702,0.7684088443146856,0.768403274855591,0.7683976382771509,0.7683919334126907,0.7683861590689715,0.76838031402544,0.7683743970334551,0.7683684068154855,0.768362342064282,0.768356201442021,1
lcl|Atrichopoda_evm_27.model.AmTr_v1.0_scaffold00018.114,0.6320421677987338,0.7436104665631447,0.7632858651844481,0.7673551866515861,0.7684498834140707,0.7687434697393911,0.7688183030290531,0.7688298526366286,0.7688316123877854,0.7688334061108874,0.7688352343497448,0.7688370976577753,0.7688355873352458,0.7688340667308181,0.7688325357437643,0.7688309942720665,0.768829442212397,0.7688278794600973,0.7688263059091568,0.768824721452191,0.7688231259804201,0.768821519383646,0.7688199015502297,0.7688182723670681,1
lcl|Atrichopoda_evm_27.model.AmTr_v1.0_scaffold00099.97,0.6322652090704882,0.742348116020198,0.7633198732139441,0.767542388219236,0.7684157159798803,0.7685594328978116,0.7685995610229862,0.7686182825175423,0.7686149765929416,0.7686116389667953,0.7686082692011091,0.7686048668499706,0.7686014314593719,0.7685979625670275,0.7685944597021879,0.7685909223854472,0.7685873501285468,0.7685837424341727,0.7685800987957471,0.7685764186972154,0.7685727016128268,0.7685689470069084,0.7685651543336334,0.768561323036783,1
lcl|Atrichopoda_evm_27.model.AmTr_v1.0_scaffold00015.44,0.6342966025315345,0.7444396980332727,0.764086377371471,0.7676866037034858,0.7685849872919606,0.7687690994997318,0.7688106386294865,0.7688199015502297,0.7688182723670681,0.76881663171957,0.768814979491632,0.768813315565614,0.7688116398223138,0.7688099521409417,0.7688082523990938,0.7688065404727263,0.7688048162361276,0.7688030795618905,0.7688013303208845,0.7687995683822266,0.7687977936132518,0.7687960058794836,0.7687942050446025,0.7687923909704159,1
lcl|Atrichopoda_evm_27.model.AmTr_v1.0_scaffold00084.43,0.6236791022108953,0.7391359992351897,0.7619938947628729,0.7670730756392072,0.7683272314781656,0.7686714729256308,0.7687813737358485,0.7688061418862758,0.7688082523990938,0.7688065404727263,0.7688048162361276,0.7688030795618905,0.7688013303208845,0.7687995683822266,0.7687977936132518,0.7687960058794836,0.7687942050446025,0.7687923909704159,0.7687905635168253,0.7687887225417945,0.7687868679013163,0.768784999449378,0.7687831170379277,0.768781220516839,1
lcl|Atrichopoda_evm_27.model.AmTr_v1.0_scaffold00251.1,0.6389733434916269,0.7453418909852694,0.7641121411631614,0.767743358666575,0.768523545645008,0.7687384632493679,0.7687888771211675,0.7688052922561629,0.7688145943819777,0.76881663171957,0.768814979491632,0.768813315565614,0.7688116398223138,0.7688099521409417,0.7688082523990938,0.7688065404727263,0.7688048162361276,0.7688030795618905,0.7688013303208845,0.7687995683822266,0.7687977936132518,0.7687960058794836,0.7687942050446025,0.7687923909704159,1
lcl|Atrichopoda_evm_27.model.AmTr_v1.0_scaffold00027.20,0.639451168358472,0.744110404406131,0.7631263842884558,0.7673044799307719,0.768372855484925,0.7686722846873152,0.7687832930396198,0.7688015998685434,0.7688167801915667,0.7688219502834386,0.7688272017174075,0.7688325357437643,0.7688309942720665,0.768829442212397,0.7688278794600973,0.7688263059091568,0.768824721452191,0.7688231259804201,0.768821519383646,0.7688199015502297,0.7688182723670681,0.76881663171957,0.768814979491632,0.768813315565614,1
lcl|Atrichopoda_evm_27.model.AmTr_v1.0_scaffold00024.82,0.6089671505378894,0.733989449036984,0.7610791317047214,0.7666546529306965,0.7680499511364767,0.7683524922818185,0.768458089553915,0.768493255263488,0.7684988056790577,0.768494271243134,0.7684896868709737,0.7684850517697495,0.7684803651301525,0.7684756261259688,0.7684708339136409,0.768465987631818,0.7684610864008898,0.7684561293225085,0.7684511154790931,0.76844604393332,0.7684409137275969,0.7684357238835191,0.7684304734013104,0.7684251612592432,1
lcl|Atrichopoda_evm_27.model.AmTr_v1.0_scaffold00046.16,0.6360515688399705,0.7421854127424108,0.7629588530270316,0.7672593337061587,0.768310264621316,0.7685963665809094,0.7686595514458264,0.768674971327188,0.7686783548587518,0.7686756017896382,0.7686728243524229,0.7686700222364446,0.7686671951258619,0.7686643426995452,0.7686614646309683,0.7686585605880952,0.768655630233266,0.7686526732230781,0.7686496892082658,0.7686466778335767,0.768643638737644,0.7686405715528573,0.7686374759052277,0.7686343514142522,1
lcl|Atrichopoda_evm_27.model.AmTr_v1.0_scaffold00028.31,0.6378645082174778,0.7449848102394281,0.7640324770657483,0.7676582191687588,0.7684900490207587,0.7686475232036409,0.7686693809839209,0.7686728243524229,0.7686700222364446,0.7686671951258619,0.7686643426995452,0.7686614646309683,0.7686585605880952,0.768655630233266,0.7686526732230781,0.7686496892082658,0.7686466778335767,0.768643638737644,0.7686405715528573,0.7686374759052277,0.7686343514142522,0.7686311976927722,0.7686280143468307,0.7686248009755229,1
lcl|Atrichopoda_evm_27.model.AmTr_v1.0_scaffold00096.67,0.6272059530785856,0.7393435860938348,0.7608519675095841,0.766076541041795,0.7675249556173638,0.7681294056964009,0.768375049292186,0.7684350944482582,0.7684679352950738,0.7684919153167725,0.7684970262960444,0.7685022957782693,0.7685077278335571,0.7685032909555028,0.7684988056790577,0.768494271243134,0.7684896868709737,0.7684850517697495,0.7684803651301525,0.7684756261259688,0.7684708339136409,0.768465987631818,0.7684610864008898,0.7684561293225085,1
lcl|Atrichopoda_evm_27.model.AmTr_v1.0_scaffold00078.187,0.6350234222252967,0.7431258286055815,0.7635974553597104,0.7676994592640816,0.7685861549648118,0.7687941941127234,0.7688386993788544,0.7688496272790099,0.7688513279339776,0.7688530601759558,0.7688516566557584,0.7688502438820303,0.7688488217669843,0.7688473902217456,0.7688459491563341,0.7688444984796476,0.7688430380994449,0.7688415679223277,0.768840087853723,0.7688385977978649,0.7688370976577753,0.7688355873352458,0.7688340667308181,0.7688325357437643,1
lcl|Atrichopoda_evm_27.model.AmTr_v1.0_scaffold00049.116,0.6419792012390605,0.7477466106105238,0.7646378525309792,0.7677708514536683,0.768537731153351,0.7687030699229821,0.7687539368326076,0.7687717211817208,0.7687777576826277,0.7687798598581289,0.7687820066446363,0.7687841988217644,0.7687864371841526,0.7687887225417945,0.7687868679013163,0.768784999449378,0.7687831170379277,0.768781220516839,0.7687793097338746,0.76877738453465,0.7687754447625958,0.7687734902589197,0.7687715208625671,0.7687695364101814,1
lcl|Atrichopoda_evm_27.model.AmTr_v1.0_scaffold00019.257,0.6380917195352312,0.7449240943230027,0.762936985150623,0.7670118563952014,0.7679400331382781,0.7683537890605706,0.7685282236769265,0.7686194427660759,0.7686741569889183,0.7687016433599908,0.7687208682600319,0.7687360214537738,0.7687514218123449,0.768762626110812,0.768765054977623,0.768767536736064,0.7687655216721314,0.768763491047874,0.7687614446903122,0.7687593824239518,0.7687573040707403,0.7687552094500186,0.7687530983784755,0.7687509706700989,1
lcl|Atrichopoda_evm_27.model.AmTr_v1.0_scaffold00009.10,0.6333847359895304,0.739889416487452,0.7618096622441407,0.7669654527433465,0.7681662549608198,0.7685699758492097,0.7686681493391753,0.7686831743509688,0.7686864708885552,0.7686837891100375,0.7686810838653481,0.7686783548587518,0.7686756017896382,0.7686728243524229,0.7686700222364446,0.7686671951258619,0.7686643426995452,0.7686614646309683,0.7686585605880952,0.768655630233266,0.7686526732230781,0.7686496892082658,0.7686466778335767,0.768643638737644,1
lcl|Atrichopoda_evm_27.model.AmTr_v1.0_scaffold00146.62,0.6403636455646177,0.7449629693497721,0.7631174450953357,0.766769675370365,0.7678059077494428,0.7682260970958996,0.7683770074225093,0.7684067117028441,0.7684131405292896,0.7684197864130428,0.7684143477952702,0.7684088443146856,0.768403274855591,0.7683976382771509,0.7683919334126907,0.7683861590689715,0.76838031402544,0.7683743970334551,0.7683684068154855,0.768362342064282,0.768356201442021,0.7683499835794179,0.76834368707481,0.7683373104932087,1
lcl|Atrichopoda_evm_27.model.AmTr_v1.0_scaffold00741.1,0.6367033517151854,0.7442571333124611,0.7638884898800936,0.7677418886476555,0.7685078233387901,0.7687064152164392,0.7687503053731712,0.7687670734866896,0.7687695364101814,0.768767536736064,0.7687655216721314,0.768763491047874,0.7687614446903122,0.7687593824239518,0.7687573040707403,0.7687552094500186,0.7687530983784755,0.7687509706700989,0.7687488261361265,0.7687466645849961,0.7687444858222929,0.7687422896506991,0.768740075869938,0.7687378442767205,1
lcl|Atrichopoda_evm_27.model.AmTr_v1.0_scaffold00137.6,0.6384251869443172,0.745233358395496,0.7640814096423245,0.7677674824248429,0.7685995584920997,0.7687408018916625,0.768784999449378,0.7687831170379277,0.768781220516839,0.7687793097338746,0.76877738453465,0.7687754447625958,0.7687734902589197,0.7687715208625671,0.7687695364101814,0.768767536736064,0.7687655216721314,0.768763491047874,0.7687614446903122,0.7687593824239518,0.7687573040707403,0.7687552094500186,0.7687530983784755,0.7687509706700989,1
lcl|Atrichopoda_evm_27.model.AmTr_v1.0_scaffold00093.13,0.6320013539789586,0.741497754908089,0.7625504163048658,0.767135149759223,0.7683042002669342,0.7686066172082017,0.7687037945741089,0.7687527983209539,0.7687737146675508,0.7687833500064517,0.7687931374929133,0.768799158522241,0.7688013303208845,0.7687995683822266,0.7687977936132518,0.7687960058794836,0.7687942050446025,0.7687923909704159,0.7687905635168253,0.7687887225417945,0.7687868679013163,0.768784999449378,0.7687831170379277,0.768781220516839,1
lcl|Atrichopoda_evm_27.model.AmTr_v1.0_scaffold00049.279,0.6278839540351546,0.7391072565997157,0.7624852142240899,0.7672419571349699,0.7683096742372679,0.7685574036615592,0.7686060596121129,0.7686291414354757,0.7686326255551065,0.7686362017983559,0.7686398721736254,0.768643638737644,0.7686405715528573,0.7686374759052277,0.7686343514142522,0.7686311976927722,0.7686280143468307,0.7686248009755229,0.7686215571708458,0.7686182825175423,0.7686149765929416,0.7686116389667953,0.7686082692011091,0.7686048668499706,1
lcl|Atrichopoda_evm_27.model.AmTr_v1.0_scaffold00078.95,0.6250758323261391,0.738541853366835,0.7611672411770949,0.7658909077985387,0.7672502545479875,0.7676442536287695,0.767945467007655,0.7681180711176908,0.768259944781884,0.7683591437765122,0.7684277419404192,0.7684823377148312,0.7685377647937549,0.7685829308410601,0.768619355138939,0.7686331134290428,0.768647096923676,0.7686613093655679,0.7686671249715981,0.7686730467968936,0.7686790766743642,0.7686852164726206,0.7686914680967726,0.7686978334892461,1
lcl|Atrichopoda_evm_27.model.AmTr_v1.0_scaffold00044.194,0.6383944660351522,0.7447671268230507,0.7638608762129384,0.7676557010527918,0.7684751676506717,0.7686681209286832,0.7687031722847671,0.7687197232982639,0.7687317486406652,0.768743982562227,0.7687466645849961,0.7687444858222929,0.7687422896506991,0.768740075869938,0.7687378442767205,0.768735594664689,0.7687333268243594,0.7687310405430632,0.7687287356048873,0.7687264117906129,0.7687240688776527,0.768721706639987,0.7687193248480982,0.7687169232689043,1
lcl|Atrichopoda_evm_27.model.AmTr_v1.0_scaffold00037.23,0.624900789684213,0.7397410266023857,0.7627028193140521,0.7675753413539903,0.7686603111243095,0.7689299321280925,0.7690012353193523,0.7690208118417389,0.7690264089735848,0.7690300141110222,0.7690305794931944,0.7690301236000299,0.7690296658668127,0.7690292062828683,0.7690287448374415,0.7690282815196954,0.7690278163187108,0.7690273492234851,0.7690268802229323,0.7690264093058814,0.7690259364610758,0.7690254616771728,0.7690249849427426,0.7690245062462673,1
lcl|Atrichopoda_evm_27.model.AmTr_v1.0_scaffold00062.189,0.6338187743649605,0.7418814865455375,0.7632970157587188,0.7673561903355024,0.7683539541707111,0.7685680859539723,0.7686336395089219,0.7686374759052277,0.7686343514142522,0.7686311976927722,0.7686280143468307,0.7686248009755229,0.7686215571708458,0.7686182825175423,0.7686149765929416,0.7686116389667953,0.7686082692011091,0.7686048668499706,0.7686014314593719,0.7685979625670275,0.7685944597021879,0.7685909223854472,0.7685873501285468,0.7685837424341727,1
lcl|Atrichopoda_evm_27.model.AmTr_v1.0_scaffold00140.49,0.6372200610879826,0.7443894436214964,0.7639934828220728,0.7675015831888319,0.7684151227593773,0.7686083804885955,0.7686595514458264,0.768674971327188,0.7686783548587518,0.7686756017896382,0.7686728243524229,0.7686700222364446,0.7686671951258619,0.7686643426995452,0.7686614646309683,0.7686585605880952,0.768655630233266,0.7686526732230781,0.7686496892082658,0.7686466778335767,0.768643638737644,0.7686405715528573,0.7686374759052277,0.7686343514142522,1
lcl|Atrichopoda_evm_27.model.AmTr_v1.0_scaffold00039.204,0.6322014052100899,0.7377964054244617,0.7603331446218935,0.7662903816682226,0.7679600217850855,0.7685087123529687,0.7686988957160281,0.7687667367349282,0.7687897792410022,0.7687960058794836,0.7687942050446025,0.7687923909704159,0.7687905635168253,0.7687887225417945,0.7687868679013163,0.768784999449378,0.7687831170379277,0.768781220516839,0.7687793097338746,0.76877738453465,0.7687754447625958,0.7687734902589197,0.7687715208625671,0.7687695364101814,1
lcl|Atrichopoda_evm_27.model.AmTr_v1.0_scaffold00005.105,0.6407625678876516,0.7456566926402218,0.7641795561602693,0.7677242736176347,0.7685456467751822,0.7687305311854977,0.7687872150841641,0.7688009233217228,0.7688030795618905,0.7688013303208845,0.7687995683822266,0.7687977936132518,0.7687960058794836,0.7687942050446025,0.7687923909704159,0.7687905635168253,0.7687887225417945,0.7687868679013163,0.768784999449378,0.7687831170379277,0.768781220516839,0.7687793097338746,0.76877738453465,0.7687754447625958,1
lcl|Atrichopoda_evm_27.model.AmTr_v1.0_scaffold00002.16,0.6333869901347228,0.7435941188772873,0.7633738617865479,0.7674404813227229,0.7682370230600896,0.7684433680937265,0.7684978001776288,0.7685032909555028,0.7684988056790577,0.768494271243134,0.7684896868709737,0.7684850517697495,0.7684803651301525,0.7684756261259688,0.7684708339136409,0.768465987631818,0.7684610864008898,0.7684561293225085,0.7684511154790931,0.76844604393332,0.7684409137275969,0.7684357238835191,0.7684304734013104,0.7684251612592432,1
lcl|Atrichopoda_evm_27.model.AmTr_v1.0_scaffold01206.1,0.6196586533067824,0.7356791566849676,0.7605914227119552,0.7661020690862569,0.7677564927893922,0.7683218089192172,0.7684749197211287,0.7685550457658324,0.7685592732948132,0.7685636231575308,0.7685680982670071,0.7685727016128268,0.7685689470069084,0.7685651543336334,0.768561323036783,0.7685574525495015,0.7685535422940442,0.7685495916815184,0.7685456001116175,0.768541566972347,0.7685374916397418,0.7685333734775781,0.7685292118370732,0.7685250060565801,1
lcl|Atrichopoda_evm_27.model.AmTr_v1.0_scaffold00009.272,0.5980670015347276,0.7255717448259694,0.7565332821900437,0.7648777619031326,0.7670854840996855,0.7679342311570124,0.7683216109074074,0.7684337946122833,0.7685005863425992,0.768550004819301,0.7685627244483285,0.7685757226029205,0.7685890052851134,0.7685930344757872,0.7685971756730123,0.7686014314593719,0.7685979625670275,0.7685944597021879,0.7685909223854472,0.7685873501285468,0.7685837424341727,0.7685800987957471,0.7685764186972154,0.7685727016128268,1
lcl|Atrichopoda_evm_27.model.AmTr_v1.0_scaffold00166.1,0.6413231591599092,0.744920257270053,0.7641020222714968,0.7677181730503619,0.768397947448711,0.7685390275473136,0.7685749285240334,0.7685873501285468,0.7685837424341727,0.7685800987957471,0.7685764186972154,0.7685727016128268,0.7685689470069084,0.7685651543336334,0.768561323036783,0.7685574525495015,0.7685535422940442,0.7685495916815184,0.7685456001116175,0.768541566972347,0.7685374916397418,0.7685333734775781,0.7685292118370732,0.7685250060565801,1
lcl|Atrichopoda_evm_27.model.AmTr_v1.0_scaffold00130.58,0.6361071164321215,0.7445595160601775,0.7629355915747276,0.7671520928881135,0.7682402411679954,0.7685408776166348,0.7686466974014816,0.7687006610949622,0.7687222181553086,0.7687337158809544,0.7687407525952854,0.7687479163715765,0.7687504787986321,0.7687530983784755,0.7687509706700989,0.7687488261361265,0.7687466645849961,0.7687444858222929,0.7687422896506991,0.768740075869938,0.7687378442767205,0.768735594664689,0.7687333268243594,0.7687310405430632,1
lcl|Atrichopoda_evm_27.model.AmTr_v1.0_scaffold00003.431,0.6408695335877297,0.7454372461624885,0.7639473756112223,0.7674905730756976,0.7683330215750241,0.7685054677316094,0.7685519684938696,0.7685651543336334,0.768561323036783,0.7685574525495015,0.7685535422940442,0.7685495916815184,0.7685456001116175,0.768541566972347,0.7685374916397418,0.7685333734775781,0.7685292118370732,0.7685250060565801,0.7685207554612707,0.7685164593628111,0.7685121170590266,0.7685077278335571,0.7685032909555028,0.7684988056790577,1
lcl|Atrichopoda_evm_27.model.AmTr_v1.0_scaffold00060.17,0.6405048971066055,0.7466627666323696,0.7645864414284657,0.7678255276410397,0.7685896753103831,0.7687677902050452,0.7687973808635282,0.7687995683822266,0.7687977936132518,0.7687960058794836,0.7687942050446025,0.7687923909704159,0.7687905635168253,0.7687887225417945,0.7687868679013163,0.768784999449378,0.7687831170379277,0.768781220516839,0.7687793097338746,0.76877738453465,0.7687754447625958,0.7687734902589197,0.7687715208625671,0.7687695364101814,1
lcl|Atrichopoda_evm_27.model.AmTr_v1.0_scaffold00037.111,0.6392540378324411,0.7451149540703972,0.7639452577850333,0.7676937371654615,0.7685090207562504,0.7686843891915708,0.7687314098186684,0.7687518696392223,0.7687589051709223,0.7687614446903122,0.7687593824239518,0.7687573040707403,0.7687552094500186,0.7687530983784755,0.7687509706700989,0.7687488261361265,0.7687466645849961,0.7687444858222929,0.7687422896506991,0.768740075869938,0.7687378442767205,0.768735594664689,0.7687333268243594,0.7687310405430632,1
lcl|Atrichopoda_evm_27.model.AmTr_v1.0_scaffold00077.109,0.6373081678869501,0.7419926192464555,0.7626928780334336,0.7672027987030127,0.7680926952017348,0.7683229141516055,0.7683832974557198,0.7684020401257547,0.7684088443146856,0.768403274855591,0.7683976382771509,0.7683919334126907,0.7683861590689715,0.76838031402544,0.7683743970334551,0.7683684068154855,0.768362342064282,0.768356201442021,0.7683499835794179,0.76834368707481,0.7683373104932087,0.7683308523653158,0.7683243111865083,0.7683176854157848,1
lcl|Atrichopoda_evm_27.model.AmTr_v1.0_scaffold00022.377,0.6385859333845999,0.7440826148830715,0.7637738166173829,0.7677235602488588,0.7685227662799643,0.7687467224451432,0.7688117541664046,0.7688199635395165,0.7688282938762713,0.7688334061108874,0.7688352343497448,0.7688370976577753,0.7688355873352458,0.7688340667308181,0.7688325357437643,0.7688309942720665,0.768829442212397,0.7688278794600973,0.7688263059091568,0.768824721452191,0.7688231259804201,0.768821519383646,0.7688199015502297,0.7688182723670681,1
lcl|Atrichopoda_evm_27.model.AmTr_v1.0_scaffold00037.134,0.6352596152246662,0.7441738228258994,0.7640247362525074,0.7676909445827883,0.7685308267251953,0.7687567392034114,0.7688310303291513,0.7688421531343442,0.7688502438820303,0.7688488217669843,0.7688473902217456,0.7688459491563341,0.7688444984796476,0.7688430380994449,0.7688415679223277,0.768840087853723,0.7688385977978649,0.7688370976577753,0.7688355873352458,0.7688340667308181,0.7688325357437643,0.7688309942720665,0.768829442212397,0.7688278794600973,1
lcl|Atrichopoda_evm_27.model.AmTr_v1.0_scaffold00006.215,0.6320925289907422,0.7427235762082167,0.7635813379144003,0.7676928843546943,0.7685623959604735,0.768767884218281,0.7688215774603775,0.7688397417337408,0.7688415679223277,0.768840087853723,0.7688385977978649,0.7688370976577753,0.7688355873352458,0.7688340667308181,0.7688325357437643,0.7688309942720665,0.768829442212397,0.7688278794600973,0.7688263059091568,0.768824721452191,0.7688231259804201,0.768821519383646,0.7688199015502297,0.7688182723670681,1
lcl|Atrichopoda_evm_27.model.AmTr_v1.0_scaffold00039.30,0.6182075894041806,0.7372829647538734,0.761833470576049,0.7670794643340482,0.7683096772385468,0.7685955596934892,0.7686336395089219,0.7686374759052277,0.7686343514142522,0.7686311976927722,0.7686280143468307,0.7686248009755229,0.7686215571708458,0.7686182825175423,0.7686149765929416,0.7686116389667953,0.7686082692011091,0.7686048668499706,0.7686014314593719,0.7685979625670275,0.7685944597021879,0.7685909223854472,0.7685873501285468,0.7685837424341727,1
lcl|Atrichopoda_evm_27.model.AmTr_v1.0_scaffold00134.12,0.6268695453770322,0.7409877345793848,0.7628771685734206,0.7674171332242657,0.7683803172553899,0.7686143210700948,0.7686797001342494,0.7687128365575195,0.7687207119539974,0.7687287356048873,0.7687264117906129,0.7687240688776527,0.768721706639987,0.7687193248480982,0.7687169232689043,0.7687145016656894,0.7687120597980344,0.7687095974217454,0.7687071142887797,0.7687046101471715,0.7687020847409547,0.7686995378100844,0.7686969690903565,0.7686943783133257,1
lcl|Atrichopoda_evm_27.model.AmTr_v1.0_scaffold00143.22,0.6351521298254079,0.7428329505028731,0.7636909347959435,0.7677810041822256,0.7685574506031247,0.768750585844924,0.7688038835766312,0.76882477191691,0.7688361910390774,0.7688379496169989,0.7688397417337408,0.7688415679223277,0.768840087853723,0.7688385977978649,0.7688370976577753,0.7688355873352458,0.7688340667308181,0.7688325357437643,0.7688309942720665,0.768829442212397,0.7688278794600973,0.7688263059091568,0.768824721452191,0.7688231259804201,1
lcl|Atrichopoda_evm_27.model.AmTr_v1.0_scaffold00044.93,0.6348134802146402,0.7439877431047471,0.7634038685244369,0.7673694074014731,0.7681994719419348,0.7684057854303291,0.7684440595614845,0.7684499977447102,0.7684561293225085,0.7684511154790931,0.76844604393332,0.7684409137275969,0.7684357238835191,0.7684304734013104,0.7684251612592432,0.7684197864130428,0.7684143477952702,0.7684088443146856,0.768403274855591,0.7683976382771509,0.7683919334126907,0.7683861590689715,0.76838031402544,0.7683743970334551,1
lcl|Atrichopoda_evm_27.model.AmTr_v1.0_scaffold00001.450,0.6362392387427237,0.7444929803762885,0.7638354847277549,0.7675640526883155,0.7684605189036879,0.7686614417610382,0.7687290944127282,0.7687547249667852,0.7687573040707403,0.7687552094500186,0.7687530983784755,0.7687509706700989,0.7687488261361265,0.7687466645849961,0.7687444858222929,0.7687422896506991,0.768740075869938,0.7687378442767205,0.768735594664689,0.7687333268243594,0.7687310405430632,0.7687287356048873,0.7687264117906129,0.7687240688776527,1
lcl|Atrichopoda_evm_27.model.AmTr_v1.0_scaffold00057.236,0.6413821839401616,0.7451691361442151,0.7625753335391354,0.7668241120542496,0.7681359368361628,0.7685501086949514,0.7686818671550997,0.7687392642712622,0.7687560921125061,0.7687630208713896,0.7687655216721314,0.768763491047874,0.7687614446903122,0.7687593824239518,0.7687573040707403,0.7687552094500186,0.7687530983784755,0.7687509706700989,0.7687488261361265,0.7687466645849961,0.7687444858222929,0.7687422896506991,0.768740075869938,0.7687378442767205,1
lcl|Atrichopoda_evm_27.model.AmTr_v1.0_scaffold00032.272,0.6278466660390172,0.7404455711003289,0.7629108401598754,0.7673836764015516,0.7684725947376206,0.7687352645244218,0.7687943360607243,0.7688068371410549,0.7688123206842824,0.7688178924655928,0.7688199015502297,0.7688182723670681,0.76881663171957,0.768814979491632,0.768813315565614,0.7688116398223138,0.7688099521409417,0.7688082523990938,0.7688065404727263,0.7688048162361276,0.7688030795618905,0.7688013303208845,0.7687995683822266,0.7687977936132518,1
lcl|Atrichopoda_evm_27.model.AmTr_v1.0_scaffold00210.2,0.6265797199441417,0.733365216796309,0.7570142770103669,0.7642506096229846,0.766454529682223,0.7675655375715718,0.7680849977556586,0.768430451964525,0.7686175824792171,0.7687091355905441,0.7687625620492027,0.7687808950412898,0.7687921075784587,0.7688001853452923,0.7688050642956726,0.7688066791395447,0.7688083267647836,0.7688100077028305,0.7688117224945831,0.7688134716905863,0.7688152558512283,0.7688170755469402,0.7688189313584004,0.7688208238767437,1
lcl|Atrichopoda_evm_27.model.AmTr_v1.0_scaffold00120.62,0.6407778254628897,0.7434559627096767,0.7635607181810993,0.7675816552339624,0.7684915128384251,0.7686981812609238,0.768765805520789,0.7687845656290347,0.7687868679013163,0.768784999449378,0.7687831170379277,0.768781220516839,0.7687793097338746,0.76877738453465,0.7687754447625958,0.7687734902589197,0.7687715208625671,0.7687695364101814,0.768767536736064,0.7687655216721314,0.768763491047874,0.7687614446903122,0.7687593824239518,0.7687573040707403,1
lcl|Atrichopoda_evm_27.model.AmTr_v1.0_scaffold01646.1,0.6130114309796141,0.7280965212458672,0.7547001380621499,0.7621444894616141,0.7647390582251425,0.7658630416807379,0.7663982889087323,0.766756422281656,0.7670320239829768,0.7672982703527975,0.7675031300862682,0.7676824070469495,0.7678291961743493,0.7679516355032906,0.7680763722715587,0.7681767026364891,0.768263598535192,0.7683240539519962,0.7683787437864944,0.768425728560868,0.7684736324666341,0.7685224743285247,0.7685560631850334,0.7685739591373029,1
lcl|Atrichopoda_evm_27.model.AmTr_v1.0_scaffold05100.1,0.6311686490422852,0.7400934146564156,0.7628005305293651,0.7672068384113221,0.7683652108076541,0.7686494704370296,0.768742594433715,0.768762626110812,0.7687695364101814,0.768767536736064,0.7687655216721314,0.768763491047874,0.7687614446903122,0.7687593824239518,0.7687573040707403,0.7687552094500186,0.7687530983784755,0.7687509706700989,0.7687488261361265,0.7687466645849961,0.7687444858222929,0.7687422896506991,0.768740075869938,0.7687378442767205,1
lcl|Atrichopoda_evm_27.model.AmTr_v1.0_scaffold00050.94,0.6328566511548306,0.7413498831571206,0.7630580877594576,0.767272896791406,0.7681878721078934,0.7684894991955958,0.7685626013500332,0.7685901206508085,0.7685944597021879,0.7685909223854472,0.7685873501285468,0.7685837424341727,0.7685800987957471,0.7685764186972154,0.7685727016128268,0.7685689470069084,0.7685651543336334,0.768561323036783,0.7685574525495015,0.7685535422940442,0.7685495916815184,0.7685456001116175,0.768541566972347,0.7685374916397418,1
lcl|Atrichopoda_evm_27.model.AmTr_v1.0_scaffold00028.71,0.6279156113611695,0.7406920888346833,0.7627350586954589,0.7672716391475133,0.7683750963225393,0.7686795579865963,0.7687596773314356,0.7687860727779584,0.7687923909704159,0.7687905635168253,0.7687887225417945,0.7687868679013163,0.768784999449378,0.7687831170379277,0.768781220516839,0.7687793097338746,0.76877738453465,0.7687754447625958,0.7687734902589197,0.7687715208625671,0.7687695364101814,0.768767536736064,0.7687655216721314,0.768763491047874,1
lcl|Atrichopoda_evm_27.model.AmTr_v1.0_scaffold00041.89,0.6377321097200914,0.7417908715895487,0.7621564241347316,0.7670715625738694,0.7682727812129375,0.7685607432822501,0.7686678458389996,0.7686989528196053,0.7687020847409547,0.7686995378100844,0.7686969690903565,0.7686943783133257,0.7686917652062206,0.7686891294918583,0.7686864708885552,0.7686837891100375,0.7686810838653481,0.7686783548587518,0.7686756017896382,0.7686728243524229,0.7686700222364446,0.7686671951258619,0.7686643426995452,0.7686614646309683,1
lcl|Atrichopoda_evm_27.model.AmTr_v1.0_scaffold00204.11,0.6403022620255261,0.7437032216761846,0.7637279052008684,0.7676185370525471,0.7685122614548557,0.7687308443806685,0.7687792287116955,0.7688068371410549,0.7688195242150409,0.768821519383646,0.7688199015502297,0.7688182723670681,0.76881663171957,0.768814979491632,0.768813315565614,0.7688116398223138,0.7688099521409417,0.7688082523990938,0.7688065404727263,0.7688048162361276,0.7688030795618905,0.7688013303208845,0.7687995683822266,0.7687977936132518,1
lcl|Atrichopoda_evm_27.model.AmTr_v1.0_scaffold00036.186,0.641814815621038,0.7462111994042832,0.7645293365154588,0.7678545251108502,0.7685527916516459,0.7686981100891562,0.7687391389883274,0.7687466645849961,0.7687444858222929,0.7687422896506991,0.768740075869938,0.7687378442767205,0.768735594664689,0.7687333268243594,0.7687310405430632,0.7687287356048873,0.7687264117906129,0.7687240688776527,0.768721706639987,0.7687193248480982,0.7687169232689043,0.7687145016656894,0.7687120597980344,0.7687095974217454,1
lcl|Atrichopoda_evm_27.model.AmTr_v1.0_scaffold00108.40,0.6363542498028819,0.7440277166954639,0.7632589022105328,0.7673322704653477,0.7682587870971258,0.7685082718663665,0.7685718609766389,0.7685764186972154,0.7685727016128268,0.7685689470069084,0.7685651543336334,0.768561323036783,0.7685574525495015,0.7685535422940442,0.7685495916815184,0.7685456001116175,0.768541566972347,0.7685374916397418,0.7685333734775781,0.7685292118370732,0.7685250060565801,0.7685207554612707,0.7685164593628111,0.7685121170590266,1
lcl|Atrichopoda_evm_27.model.AmTr_v1.0_scaffold00105.32,0.6420399962567395,0.7429287339015661,0.762669154380189,0.7671340970770194,0.7680832892891831,0.7683565779113153,0.7684591611198756,0.7684756261259688,0.7684708339136409,0.768465987631818,0.7684610864008898,0.7684561293225085,0.7684511154790931,0.76844604393332,0.7684409137275969,0.7684357238835191,0.7684304734013104,0.7684251612592432,0.7684197864130428,0.7684143477952702,0.7684088443146856,0.768403274855591,0.7683976382771509,0.7683919334126907,1
lcl|Atrichopoda_evm_27.model.AmTr_v1.0_scaffold00005.73,0.6295846027178028,0.7414707217876548,0.7629811799254256,0.7673439364058311,0.7684194202476844,0.7687134367836339,0.7688094913838801,0.7688409278489354,0.7688426964505819,0.7688444984796476,0.7688430380994449,0.7688415679223277,0.768840087853723,0.7688385977978649,0.7688370976577753,0.7688355873352458,0.7688340667308181,0.7688325357437643,0.7688309942720665,0.768829442212397,0.7688278794600973,0.7688263059091568,0.768824721452191,0.7688231259804201,1
lcl|Atrichopoda_evm_27.model.AmTr_v1.0_scaffold00020.60,0.6406971789184102,0.7444828094591928,0.7640212332016852,0.7676084797395867,0.7682678113013582,0.7684572802275612,0.7685013448661989,0.7685164304060633,0.7685182761809496,0.7685201848766123,0.7685221578731861,0.7685241965831975,0.7685263024524229,0.7685284769607702,0.7685307216231874,0.7685330379905985,0.7685354276508682,0.7685378922297951,0.7685404333921351,0.7685430528426571,0.7685457523272297,0.7685485336339419,0.7685513985942592,0.7685543490842138,1
lcl|Atrichopoda_evm_27.model.AmTr_v1.0_scaffold00071.146,0.6386555181916309,0.7443910833280017,0.7636561432433294,0.7676339195338706,0.7685396087246947,0.7687315090243642,0.7687894819488154,0.7687995683822266,0.7687977936132518,0.7687960058794836,0.7687942050446025,0.7687923909704159,0.7687905635168253,0.7687887225417945,0.7687868679013163,0.768784999449378,0.7687831170379277,0.768781220516839,0.7687793097338746,0.76877738453465,0.7687754447625958,0.7687734902589197,0.7687715208625671,0.7687695364101814,1
lcl|Atrichopoda_evm_27.model.AmTr_v1.0_scaffold00010.182,0.6376330296496678,0.7443647761586125,0.763892729017055,0.7676548012935066,0.768509880834231,0.768707721103873,0.768743982562227,0.7687466645849961,0.7687444858222929,0.7687422896506991,0.768740075869938,0.7687378442767205,0.768735594664689,0.7687333268243594,0.7687310405430632,0.7687287356048873,0.7687264117906129,0.7687240688776527,0.768721706639987,0.7687193248480982,0.7687169232689043,0.7687145016656894,0.7687120597980344,0.7687095974217454,1
lcl|Atrichopoda_evm_27.model.AmTr_v1.0_scaffold00155.55,0.6270573578288525,0.7398957663569268,0.7623937124487141,0.7671327423862008,0.7682048989462493,0.7684401307214878,0.7685094950612634,0.7685324464948644,0.7685374916397418,0.7685333734775781,0.7685292118370732,0.7685250060565801,0.7685207554612707,0.7685164593628111,0.7685121170590266,0.7685077278335571,0.7685032909555028,0.7684988056790577,0.768494271243134,0.7684896868709737,0.7684850517697495,0.7684803651301525,0.7684756261259688,0.7684708339136409,1
lcl|Atrichopoda_evm_27.model.AmTr_v1.0_scaffold00038.28,0.6335213045902736,0.7432656438553078,0.7632047822840707,0.7671235948841943,0.7682006147158854,0.7684015986856042,0.7684680172098435,0.768483219571473,0.7684988056790577,0.768494271243134,0.7684896868709737,0.7684850517697495,0.7684803651301525,0.7684756261259688,0.7684708339136409,0.768465987631818,0.7684610864008898,0.7684561293225085,0.7684511154790931,0.76844604393332,0.7684409137275969,0.7684357238835191,0.7684304734013104,0.7684251612592432,1
lcl|Atrichopoda_evm_27.model.AmTr_v1.0_scaffold00028.26,0.6363285306270483,0.7426406402972682,0.7628235149831766,0.7671220994425292,0.7681393768779041,0.7685233532100026,0.7686368664282187,0.7686900734017237,0.7687076009766071,0.7687203507018419,0.7687282042576494,0.7687310405430632,0.7687287356048873,0.7687264117906129,0.7687240688776527,0.768721706639987,0.7687193248480982,0.7687169232689043,0.7687145016656894,0.7687120597980344,0.7687095974217454,0.7687071142887797,0.7687046101471715,0.7687020847409547,1
lcl|Atrichopoda_evm_27.model.AmTr_v1.0_scaffold00091.38,0.6339072972735386,0.7419700116037451,0.7631788878022681,0.7673866896965603,0.7683689995141307,0.7686372810110113,0.7686846751746197,0.7686989528196053,0.7687020847409547,0.7686995378100844,0.7686969690903565,0.7686943783133257,0.7686917652062206,0.7686891294918583,0.7686864708885552,0.7686837891100375,0.7686810838653481,0.7686783548587518,0.7686756017896382,0.7686728243524229,0.7686700222364446,0.7686671951258619,0.7686643426995452,0.7686614646309683,1
lcl|Atrichopoda_evm_27.model.AmTr_v1.0_scaffold00040.300,0.6369113221935495,0.7437141297079618,0.7632991035549941,0.7671637126634043,0.768020514024807,0.7682448503099389,0.768322482526848,0.7683651171172083,0.768396389479233,0.768403274855591,0.7683976382771509,0.7683919334126907,0.7683861590689715,0.76838031402544,0.7683743970334551,0.7683684068154855,0.768362342064282,0.768356201442021,0.7683499835794179,0.76834368707481,0.7683373104932087,0.7683308523653158,0.7683243111865083,0.7683176854157848,1
lcl|Atrichopoda_evm_27.model.AmTr_v1.0_scaffold00011.201,0.6370022601048683,0.7427436140026122,0.7631810499434799,0.7674574149015283,0.7684847013690919,0.7687217915998295,0.7688121476033192,0.7688294817724586,0.7688406776132785,0.7688456118962448,0.7688473902217456,0.7688459491563341,0.7688444984796476,0.7688430380994449,0.7688415679223277,0.768840087853723,0.7688385977978649,0.7688370976577753,0.7688355873352458,0.7688340667308181,0.7688325357437643,0.7688309942720665,0.768829442212397,0.7688278794600973,1
lcl|Atrichopoda_evm_27.model.AmTr_v1.0_scaffold00041.289,0.6402229671135773,0.7458311111784829,0.7645285517259979,0.7678604410240528,0.7686004333049979,0.7687597737847969,0.7688002900398894,0.7688061418862758,0.7688082523990938,0.7688065404727263,0.7688048162361276,0.7688030795618905,0.7688013303208845,0.7687995683822266,0.7687977936132518,0.7687960058794836,0.7687942050446025,0.7687923909704159,0.7687905635168253,0.7687887225417945,0.7687868679013163,0.768784999449378,0.7687831170379277,0.768781220516839,1
lcl|Atrichopoda_evm_27.model.AmTr_v1.0_scaffold00003.337,0.6389807148872048,0.7426857921988943,0.7631794831380687,0.7674628682570648,0.7683769675034349,0.7686415415594192,0.7687166204215096,0.7687424836817459,0.7687530516145895,0.7687598377231766,0.7687667367349282,0.7687737504965029,0.7687758233527903,0.7687779405113142,0.7687801027474386,0.76878231085148,0.7687845656290347,0.7687868679013163,0.768784999449378,0.7687831170379277,0.768781220516839,0.7687793097338746,0.76877738453465,0.7687754447625958,1
lcl|Atrichopoda_evm_27.model.AmTr_v1.0_scaffold00148.51,0.6302618799484297,0.7422476754722985,0.7633762432776824,0.767620572065835,0.7685263081235049,0.7687151810825897,0.7687833500064517,0.7688009233217228,0.7688030795618905,0.7688013303208845,0.7687995683822266,0.7687977936132518,0.7687960058794836,0.7687942050446025,0.7687923909704159,0.7687905635168253,0.7687887225417945,0.7687868679013163,0.768784999449378,0.7687831170379277,0.768781220516839,0.7687793097338746,0.76877738453465,0.7687754447625958,1
lcl|Atrichopoda_evm_27.model.AmTr_v1.0_scaffold00085.54,0.6131358512625066,0.7345923010291643,0.7601807527028815,0.7661697457534307,0.7675685664717592,0.7680528524669545,0.7682418902955924,0.7683443022053901,0.7683770783394287,0.7683954604414942,0.7684020401257547,0.7684088443146856,0.768403274855591,0.7683976382771509,0.7683919334126907,0.7683861590689715,0.76838031402544,0.7683743970334551,0.7683684068154855,0.768362342064282,0.768356201442021,0.7683499835794179,0.76834368707481,0.7683373104932087,1
lcl|Atrichopoda_evm_27.model.AmTr_v1.0_scaffold00021.239,0.632859041801734,0.7423765447850651,0.7634530512003395,0.7675639589270543,0.768379614144575,0.7685992429553783,0.7686681493391753,0.7686891294918583,0.7686864708885552,0.7686837891100375,0.7686810838653481,0.7686783548587518,0.7686756017896382,0.7686728243524229,0.7686700222364446,0.7686671951258619,0.7686643426995452,0.7686614646309683,0.7686585605880952,0.768655630233266,0.7686526732230781,0.7686496892082658,0.7686466778335767,0.768643638737644,1
lcl|Atrichopoda_evm_27.model.AmTr_v1.0_scaffold00021.271,0.6128712791819175,0.7335517948340394,0.7605905189558787,0.7666562979142508,0.7681710668800047,0.7685753758701606,0.7686700577250617,0.7687006518238572,0.76871733211859,0.7687246082666285,0.768727136286666,0.7687297227746497,0.7687323688419213,0.7687350756231165,0.7687378442767205,0.768735594664689,0.7687333268243594,0.7687310405430632,0.7687287356048873,0.7687264117906129,0.7687240688776527,0.768721706639987,0.7687193248480982,0.7687169232689043,1
lcl|Atrichopoda_evm_27.model.AmTr_v1.0_scaffold00055.48,0.6346396797594644,0.7391497965083107,0.7615728022394792,0.7668253183494056,0.7682116412057395,0.7685130697110688,0.7685793010496395,0.7686002023475209,0.7686116183935032,0.7686232399453653,0.768635070686688,0.7686471143763804,0.7686593748504531,0.7686667334571298,0.768674233303201,0.7686818769988182,0.7686896672087923,0.7686976066539083,0.7687056981122754,0.7687139444207152,0.7687169232689043,0.7687145016656894,0.7687120597980344,0.7687095974217454,1
lcl|Atrichopoda_evm_27.model.AmTr_v1.0_scaffold00002.573,0.6330962161747077,0.7447041895624944,0.7634980484194688,0.767468403494628,0.7682638007046697,0.768521362250316,0.7685884295580985,0.7686136241144712,0.7686248009755229,0.7686215571708458,0.7686182825175423,0.7686149765929416,0.7686116389667953,0.7686082692011091,0.7686048668499706,0.7686014314593719,0.7685979625670275,0.7685944597021879,0.7685909223854472,0.7685873501285468,0.7685837424341727,0.7685800987957471,0.7685764186972154,0.7685727016128268,1
lcl|Atrichopoda_evm_27.model.AmTr_v1.0_scaffold00064.71,0.6236153290742229,0.737318864679903,0.7613249426911421,0.7667566023637652,0.7682132493841888,0.7686537651124302,0.7687872316499615,0.7688175677277366,0.7688231259804201,0.768821519383646,0.7688199015502297,0.7688182723670681,0.76881663171957,0.768814979491632,0.768813315565614,0.7688116398223138,0.7688099521409417,0.7688082523990938,0.7688065404727263,0.7688048162361276,0.7688030795618905,0.7688013303208845,0.7687995683822266,0.7687977936132518,1
lcl|Atrichopoda_evm_27.model.AmTr_v1.0_scaffold00041.279,0.6389046181374525,0.745834835724468,0.7645846169573988,0.7679506575841905,0.7685495434385825,0.7687336787099875,0.7687758887519325,0.7687925989509035,0.7687982894036395,0.7688040733006976,0.7688061418862758,0.7688082523990938,0.7688065404727263,0.7688048162361276,0.7688030795618905,0.7688013303208845,0.7687995683822266,0.7687977936132518,0.7687960058794836,0.7687942050446025,0.7687923909704159,0.7687905635168253,0.7687887225417945,0.7687868679013163,1
lcl|Atrichopoda_evm_27.model.AmTr_v1.0_scaffold00036.182,0.6248148077180461,0.7403415215042886,0.7623401802609276,0.7670882665426912,0.7682466481880544,0.7685839736904505,0.7686707374748489,0.768701027027012,0.7687095974217454,0.7687071142887797,0.7687046101471715,0.7687020847409547,0.7686995378100844,0.7686969690903565,0.7686943783133257,0.7686917652062206,0.7686891294918583,0.7686864708885552,0.7686837891100375,0.7686810838653481,0.7686783548587518,0.7686756017896382,0.7686728243524229,0.7686700222364446,1
lcl|Atrichopoda_evm_27.model.AmTr_v1.0_scaffold00127.4,0.6380607769067315,0.745866235799316,0.7644033416596508,0.767744092905313,0.7684729731424231,0.7686914891691043,0.7687652837198277,0.7687947111222783,0.7688082523990938,0.7688065404727263,0.7688048162361276,0.7688030795618905,0.7688013303208845,0.7687995683822266,0.7687977936132518,0.7687960058794836,0.7687942050446025,0.7687923909704159,0.7687905635168253,0.7687887225417945,0.7687868679013163,0.768784999449378,0.7687831170379277,0.768781220516839,1
lcl|Atrichopoda_evm_27.model.AmTr_v1.0_scaffold00080.88,0.6303789064136961,0.7375042206422375,0.7582145118310606,0.7646119336128541,0.7666404709855845,0.7673387934862911,0.7677943170264206,0.7679712808897298,0.7680777107841233,0.7681429427301858,0.7681889536922446,0.7682229233295771,0.7682471210171056,0.7682719318621888,0.7682865298775907,0.7683015271043173,0.7683169338705552,0.7683327608065864,0.7683376747855842,0.7683427693802167,0.7683480496570851,0.7683535208381054,0.7683591883059115,0.7683650576094752,1
lcl|Atrichopoda_evm_27.model.AmTr_v1.0_scaffold00134.23,0.641557328069627,0.7452272812023064,0.7640670669223056,0.7677077618025505,0.7685022511990944,0.7687137450849669,0.7687775904750405,0.7688023316316099,0.7688044148733668,0.7688065404727263,0.7688048162361276,0.7688030795618905,0.7688013303208845,0.7687995683822266,0.7687977936132518,0.7687960058794836,0.7687942050446025,0.7687923909704159,0.7687905635168253,0.7687887225417945,0.7687868679013163,0.768784999449378,0.7687831170379277,0.768781220516839,1
lcl|Atrichopoda_evm_27.model.AmTr_v1.0_scaffold00017.57,0.6405276416559185,0.745180156672611,0.7639136872147022,0.767758752864097,0.7685332050895614,0.7687325008481999,0.7687815830341025,0.768791612039225,0.7687977936132518,0.7687960058794836,0.7687942050446025,0.7687923909704159,0.7687905635168253,0.7687887225417945,0.7687868679013163,0.768784999449378,0.7687831170379277,0.768781220516839,0.7687793097338746,0.76877738453465,0.7687754447625958,0.7687734902589197,0.7687715208625671,0.7687695364101814,1
lcl|Atrichopoda_evm_27.model.AmTr_v1.0_scaffold00099.80,0.6365639670645645,0.7450476008792737,0.764020146666555,0.7676903412736059,0.768485107956678,0.7686824882799712,0.7687512470004145,0.768774615780787,0.768781220516839,0.7687793097338746,0.76877738453465,0.7687754447625958,0.7687734902589197,0.7687715208625671,0.7687695364101814,0.768767536736064,0.7687655216721314,0.768763491047874,0.7687614446903122,0.7687593824239518,0.7687573040707403,0.7687552094500186,0.7687530983784755,0.7687509706700989,1
lcl|Atrichopoda_evm_27.model.AmTr_v1.0_scaffold00008.239,0.6345688773441664,0.7432406564362647,0.7625530011037338,0.7669750131083154,0.7681633366495815,0.7685084693651605,0.7686653288370136,0.7687392642712622,0.7687605735450646,0.7687630208713896,0.7687655216721314,0.768763491047874,0.7687614446903122,0.7687593824239518,0.7687573040707403,0.7687552094500186,0.7687530983784755,0.7687509706700989,0.7687488261361265,0.7687466645849961,0.7687444858222929,0.7687422896506991,0.768740075869938,0.7687378442767205,1
lcl|Atrichopoda_evm_27.model.AmTr_v1.0_scaffold03073.2,0.6299130663125063,0.742241551191409,0.7630915868833448,0.7674343024909953,0.7683897531439142,0.768605096376612,0.7686563414056525,0.7686712640691898,0.7686804639347121,0.7686837891100375,0.7686810838653481,0.7686783548587518,0.7686756017896382,0.7686728243524229,0.7686700222364446,0.7686671951258619,0.7686643426995452,0.7686614646309683,0.7686585605880952,0.768655630233266,0.7686526732230781,0.7686496892082658,0.7686466778335767,0.768643638737644,1
lcl|Atrichopoda_evm_27.model.AmTr_v1.0_scaffold00036.193,0.6409888259496684,0.7449263390503822,0.7641157556927696,0.767734174106678,0.768468696958491,0.7686608285523142,0.7687274084375324,0.768740075869938,0.7687378442767205,0.768735594664689,0.7687333268243594,0.7687310405430632,0.7687287356048873,0.7687264117906129,0.7687240688776527,0.768721706639987,0.7687193248480982,0.7687169232689043,0.7687145016656894,0.7687120597980344,0.7687095974217454,0.7687071142887797,0.7687046101471715,0.7687020847409547,1
lcl|Atrichopoda_evm_27.model.AmTr_v1.0_scaffold05472.1,0.6408032175175227,0.7467816021458629,0.7648892877572449,0.7681749253760125,0.7687780967070755,0.7689133583869572,0.7689411540185632,0.7689441403160218,0.7689432794693659,0.7689424140379088,0.7689415439865341,0.7689406692797743,0.7689397898818063,0.7689389057564471,0.7689380168671486,0.7689371231769941,0.7689362246486936,0.7689353212445782,0.7689344129265961,0.7689334996563078,0.7689325813948809,0.7689316581030852,0.7689307297412881,0.7689297962694487,1
lcl|Atrichopoda_evm_27.model.AmTr_v1.0_scaffold00090.88,0.6417826428902406,0.7455757831369986,0.7642145286431228,0.7676126399739013,0.7684462289112871,0.7686247483033508,0.7686734556175396,0.7686876381644728,0.7686963792839635,0.7686995378100844,0.7686969690903565,0.7686943783133257,0.7686917652062206,0.7686891294918583,0.7686864708885552,0.7686837891100375,0.7686810838653481,0.7686783548587518,0.7686756017896382,0.7686728243524229,0.7686700222364446,0.7686671951258619,0.7686643426995452,0.7686614646309683,1
lcl|Atrichopoda_evm_27.model.AmTr_v1.0_scaffold00062.166,0.6359111553426274,0.7449206337730756,0.7639353467774402,0.7675764946498269,0.7684524927711713,0.7686687911824595,0.76875342094258,0.7687730371289102,0.7687754447625958,0.7687734902589197,0.7687715208625671,0.7687695364101814,0.768767536736064,0.7687655216721314,0.768763491047874,0.7687614446903122,0.7687593824239518,0.7687573040707403,0.7687552094500186,0.7687530983784755,0.7687509706700989,0.7687488261361265,0.7687466645849961,0.7687444858222929,1
lcl|Atrichopoda_evm_27.model.AmTr_v1.0_scaffold00001.315,0.6121997362680035,0.7307134739333974,0.7589683034658282,0.7660994490719129,0.7680729445382161,0.7685740133195184,0.7687202963284964,0.7687721369726312,0.7687957691228569,0.7688026753950139,0.7688048162361276,0.7688030795618905,0.7688013303208845,0.7687995683822266,0.7687977936132518,0.7687960058794836,0.7687942050446025,0.7687923909704159,0.7687905635168253,0.7687887225417945,0.7687868679013163,0.768784999449378,0.7687831170379277,0.768781220516839,1
lcl|Atrichopoda_evm_27.model.AmTr_v1.0_scaffold00004.205,0.6319528692021086,0.7426020432552091,0.7629825450497971,0.7673661094274419,0.7684426984764745,0.7687376858213792,0.768791969374145,0.7687942050446025,0.7687923909704159,0.7687905635168253,0.7687887225417945,0.7687868679013163,0.768784999449378,0.7687831170379277,0.768781220516839,0.7687793097338746,0.76877738453465,0.7687754447625958,0.7687734902589197,0.7687715208625671,0.7687695364101814,0.768767536736064,0.7687655216721314,0.768763491047874,1
lcl|Atrichopoda_evm_27.model.AmTr_v1.0_scaffold00023.93,0.6423208669211777,0.7459953406727894,0.7644192613762806,0.767725752936146,0.7683972863340937,0.7685657999952012,0.7685957395686265,0.7686262608537229,0.768643638737644,0.7686405715528573,0.7686374759052277,0.7686343514142522,0.7686311976927722,0.7686280143468307,0.7686248009755229,0.7686215571708458,0.7686182825175423,0.7686149765929416,0.7686116389667953,0.7686082692011091,0.7686048668499706,0.7686014314593719,0.7685979625670275,0.7685944597021879,1
lcl|Atrichopoda_evm_27.model.AmTr_v1.0_scaffold00084.39,0.6419917819841298,0.746937571286553,0.7647879554256632,0.7679840659015059,0.7686174910228517,0.7687654977343525,0.7688033847933801,0.768816249226713,0.7688182723670681,0.76881663171957,0.768814979491632,0.768813315565614,0.7688116398223138,0.7688099521409417,0.7688082523990938,0.7688065404727263,0.7688048162361276,0.7688030795618905,0.7688013303208845,0.7687995683822266,0.7687977936132518,0.7687960058794836,0.7687942050446025,0.7687923909704159,1
lcl|Atrichopoda_evm_27.model.AmTr_v1.0_scaffold00131.2,0.6390474437868484,0.7438435815677444,0.7634763401058173,0.7672204241227336,0.7682331746986485,0.768491514271707,0.7685669315933265,0.7685792740378683,0.7685837424341727,0.7685800987957471,0.7685764186972154,0.7685727016128268,0.7685689470069084,0.7685651543336334,0.768561323036783,0.7685574525495015,0.7685535422940442,0.7685495916815184,0.7685456001116175,0.768541566972347,0.7685374916397418,0.7685333734775781,0.7685292118370732,0.7685250060565801,1
lcl|Atrichopoda_evm_27.model.AmTr_v1.0_scaffold00005.235,0.6212996668733441,0.7394809746756531,0.7618262566783072,0.7669047190210725,0.7679712874257526,0.7682926284112249,0.7684389850149898,0.7684970262960444,0.7685022957782693,0.7685077278335571,0.7685032909555028,0.7684988056790577,0.768494271243134,0.7684896868709737,0.7684850517697495,0.7684803651301525,0.7684756261259688,0.7684708339136409,0.768465987631818,0.7684610864008898,0.7684561293225085,0.7684511154790931,0.76844604393332,0.7684409137275969,1
lcl|Atrichopoda_evm_27.model.AmTr_v1.0_scaffold00055.79,0.6418527011480673,0.7453937676455135,0.7638950397418289,0.7676988131712296,0.768546381846654,0.768792846269519,0.7688359822840264,0.7688441590353405,0.7688459491563341,0.7688444984796476,0.7688430380994449,0.7688415679223277,0.768840087853723,0.7688385977978649,0.7688370976577753,0.7688355873352458,0.7688340667308181,0.7688325357437643,0.7688309942720665,0.768829442212397,0.7688278794600973,0.7688263059091568,0.768824721452191,0.7688231259804201,1
lcl|Atrichopoda_evm_27.model.AmTr_v1.0_scaffold00065.162,0.6022874463469237,0.7244026013721843,0.756649191401201,0.7653283518226139,0.7675762984101824,0.7682877332323529,0.7685392286792289,0.7686375413166602,0.7686924793265505,0.7687152693808927,0.7687230816909394,0.7687310405430632,0.7687287356048873,0.7687264117906129,0.7687240688776527,0.768721706639987,0.7687193248480982,0.7687169232689043,0.7687145016656894,0.7687120597980344,0.7687095974217454,0.7687071142887797,0.7687046101471715,0.7687020847409547,1
lcl|Atrichopoda_evm_27.model.AmTr_v1.0_scaffold00026.91,0.6385826533118274,0.7432121549157013,0.762004982559281,0.7666147227342914,0.7676790736873812,0.7680050511772162,0.7681813412978287,0.768243164828341,0.7682954576646019,0.7683452575532028,0.7683925109095628,0.7684284730787649,0.7684602913554041,0.7684925562024892,0.7685252741746933,0.7685584519376025,0.7685845185921393,0.7686033269559048,0.7686181362215506,0.7686297313504235,0.7686415011999496,0.7686534484285469,0.7686655757408998,0.7686778858888866,1
lcl|Atrichopoda_evm_27.model.AmTr_v1.0_scaffold00007.324,0.6392486280274797,0.745242570358589,0.7637076631745311,0.7674691777642038,0.7682622488410569,0.7684802550261528,0.7685434792373503,0.7685565788162153,0.768561323036783,0.7685574525495015,0.7685535422940442,0.7685495916815184,0.7685456001116175,0.768541566972347,0.7685374916397418,0.7685333734775781,0.7685292118370732,0.7685250060565801,0.7685207554612707,0.7685164593628111,0.7685121170590266,0.7685077278335571,0.7685032909555028,0.7684988056790577,1
lcl|Atrichopoda_evm_27.model.AmTr_v1.0_scaffold01529.1,0.6359505663403234,0.744506560953045,0.7638271300873212,0.7677106190129677,0.7685697221391457,0.7687324262535437,0.7687807803932575,0.7687831170379277,0.768781220516839,0.7687793097338746,0.76877738453465,0.7687754447625958,0.7687734902589197,0.7687715208625671,0.7687695364101814,0.768767536736064,0.7687655216721314,0.768763491047874,0.7687614446903122,0.7687593824239518,0.7687573040707403,0.7687552094500186,0.7687530983784755,0.7687509706700989,1
lcl|Atrichopoda_evm_27.model.AmTr_v1.0_scaffold00141.9,0.6380564558827718,0.7446839413873552,0.7639281009767592,0.767747313648109,0.7685136761944019,0.768739684668175,0.7688049926768685,0.7688211445899638,0.7688231259804201,0.768821519383646,0.7688199015502297,0.7688182723670681,0.76881663171957,0.768814979491632,0.768813315565614,0.7688116398223138,0.7688099521409417,0.7688082523990938,0.7688065404727263,0.7688048162361276,0.7688030795618905,0.7688013303208845,0.7687995683822266,0.7687977936132518,1
lcl|Atrichopoda_evm_27.model.AmTr_v1.0_scaffold00067.93,0.6388317057685595,0.7447696339684655,0.7625317353027163,0.7660683137134896,0.767286855439727,0.7677761909636764,0.7680486690543886,0.7681820350703972,0.7682897099308361,0.7683649438510735,0.768441537629102,0.7685056248471998,0.7685480385796546,0.7685912366962714,0.7686067037758731,0.7686160876457616,0.7686256681849422,0.768635449388616,0.7686454353440998,0.768655630233266,0.7686526732230781,0.7686496892082658,0.7686466778335767,0.768643638737644,1
lcl|Atrichopoda_evm_27.model.AmTr_v1.0_scaffold00009.215,0.6385131758996093,0.7436691253850181,0.7632362111056272,0.7665616336162142,0.7675768972823994,0.7680669529921366,0.7683723777489739,0.7684982944058485,0.7685557367448503,0.7685940337538647,0.7686262608537229,0.7686367703027648,0.7686405715528573,0.7686374759052277,0.7686343514142522,0.7686311976927722,0.7686280143468307,0.7686248009755229,0.7686215571708458,0.7686182825175423,0.7686149765929416,0.7686116389667953,0.7686082692011091,0.7686048668499706,1
lcl|Atrichopoda_evm_27.model.AmTr_v1.0_scaffold00112.31,0.6077857849902635,0.7344903134992219,0.7613984236956224,0.7667195712467112,0.7680722593815678,0.7684528980566264,0.7685548353281655,0.7685822787345895,0.7685865408229201,0.7685909223854472,0.7685873501285468,0.7685837424341727,0.7685800987957471,0.7685764186972154,0.7685727016128268,0.7685689470069084,0.7685651543336334,0.768561323036783,0.7685574525495015,0.7685535422940442,0.7685495916815184,0.7685456001116175,0.768541566972347,0.7685374916397418,1
lcl|Atrichopoda_evm_27.model.AmTr_v1.0_scaffold00168.31,0.6400140505105509,0.7458178911992317,0.7641861044681351,0.7678026953839695,0.7684720323399394,0.7686358441009886,0.7686740533059366,0.7686831743509688,0.7686864708885552,0.7686837891100375,0.7686810838653481,0.7686783548587518,0.7686756017896382,0.7686728243524229,0.7686700222364446,0.7686671951258619,0.7686643426995452,0.7686614646309683,0.7686585605880952,0.768655630233266,0.7686526732230781,0.7686496892082658,0.7686466778335767,0.768643638737644,1
lcl|Atrichopoda_evm_27.model.AmTr_v1.0_scaffold00079.84,0.6331428274582077,0.7434108135694399,0.7634918683488309,0.7673272263770865,0.7683318157046289,0.7685818228237308,0.7686197754210512,0.7686304794036076,0.7686343514142522,0.7686311976927722,0.7686280143468307,0.7686248009755229,0.7686215571708458,0.7686182825175423,0.7686149765929416,0.7686116389667953,0.7686082692011091,0.7686048668499706,0.7686014314593719,0.7685979625670275,0.7685944597021879,0.7685909223854472,0.7685873501285468,0.7685837424341727,1
lcl|Atrichopoda_evm_27.model.AmTr_v1.0_scaffold00213.4,0.6383616659730701,0.7394279831696271,0.7618123003741668,0.7666195862190585,0.767895472550571,0.7683317013389706,0.7684414646866149,0.7685004904342563,0.7685317248058365,0.7685365738490291,0.768541566972347,0.7685374916397418,0.7685333734775781,0.7685292118370732,0.7685250060565801,0.7685207554612707,0.7685164593628111,0.7685121170590266,0.7685077278335571,0.7685032909555028,0.7684988056790577,0.768494271243134,0.7684896868709737,0.7684850517697495,1
